,question,answer,retrieved_sources
0,Объясни merge conflict?,FAQ: Что такое merge conflict?,"   rank     score doc_id  title   chunk_id  \
0     1  0.778465      6  doc_6  6_chunk_0   
1     2  0.454654      6  doc_6  6_chunk_3   
2     3  0.408827      6  doc_6  6_chunk_2   

                                          chunk_text  
0  FAQ: Что такое merge conflict? Это ситуация, к...  
1  разных веток из-за конфликтующих правок в одни...  
2  может автоматически объединить изменения из ра...  "
1,Как создать ветку?,Создание ветки и переключение на нее: Как создать ветку и нее: Как создать ветку и сразу переключиться на неё: git,"   rank     score doc_id  title   chunk_id  \
0     1  0.817007      2  doc_2  2_chunk_0   
1     2  0.517811      2  doc_2  2_chunk_1   
2     3  0.484754      4  doc_4  4_chunk_1   

                                          chunk_text  
0  Создание ветки и переключение на нее: Как созд...  
1  нее: Как создать ветку и сразу переключиться н...  
2  Это запрос на включение изменений из одной вет...  "
2,Формат имен веток,"разных веток из-за конфликтующих правок в одних и тех же Регламент: Названия веток должны соответствовать формату: feature/описание, bugfix/описание или hotfix/описание.","   rank     score doc_id  title   chunk_id  \
0     1  0.449119      8  doc_8  8_chunk_0   
1     2  0.435270      6  doc_6  6_chunk_3   
2     3  0.407353      4  doc_4  4_chunk_2   

                                          chunk_text  
0  Регламент: Названия веток должны соответствова...  
1  разных веток из-за конфликтующих правок в одни...  
2   из одной ветки в другую в удалённом репозитории.  "
